{
    "notifications": [
        {
            "email": "d@d.com",
            "title": "",
            "msg": "oo is on the go!",
            "pos_x": 32.067819,
            "pos_y": 34.7777832,
            "type": 0,
            "issue_time": "2021-05-21 17:39:35"
        },
        {
            "email": "d@d.com",
            "title": "New friend request",
            "msg": "You got new friend request from: ",
            "pos_x": 31.9632,
            "pos_y": 34.804,
            "type": 3,
            "issue_time": "2021-06-21 15:54:02"
        },
        {
            "email": "d@d.com",
            "title": "New friend request",
            "msg": "You got new friend request from: ",
            "pos_x": 31.9632,
            "pos_y": 34.804,
            "type": 3,
            "from": 2,
            "issue_time": "2021-06-21 21:05:48"
        }
    ]
}