{
    "notifications": [
        {
            "email": "l@l.com",
            "title": "",
            "msg": "oo was on the go!",
            "pos_x": 32.067819,
            "pos_y": 34.7777832,
            "type": 0,
            "issue_time": "2021-05-21 17:39:35"
        },
        {
            "email": "l@l.com",
            "title": "",
            "msg": "dd was on the go!",
            "pos_x": 32.06795957807788,
            "pos_y": 34.77797208747326,
            "type": 0,
            "issue_time": "2021-05-21 17:39:43"
        },
        {
            "email": "l@l.com",
            "title": "New walk invite",
            "msg": "You got new invite from: ",
            "pos_x": 31.7808,
            "pos_y": 35.2287,
            "type": 2,
            "issue_time": "2021-06-07 18:55:29"
        },
        {
            "email": "l@l.com",
            "title": "New walk invite",
            "msg": "You got new invite from: ",
            "pos_x": 31.7808,
            "pos_y": 35.2287,
            "type": 2,
            "issue_time": "2021-06-07 18:56:26"
        }
    ]
}