{
    "notifications": [
        {
            "email": "o@o.com",
            "title": "",
            "msg": "oo was on the go!",
            "pos_x": 32.067819,
            "pos_y": 34.7777832,
            "type": 0,
            "issue_time": "2021-05-21 17:39:35"
        },
        {
            "email": "o@o.com",
            "title": "Friend request",
            "msg": "Dolev has accepted your friend request!",
            "pos_x": 32.06795957807788,
            "pos_y": 34.77797208747326,
            "type": 3,
            "issue_time": "2021-05-21 17:39:43",
            "from": "g@g.com"
        },
        {
            "email": "o@o.com",
            "title": "Gal & Ringo",
            "msg": "Gal sent you an invitation to join his new event, view event details!",
            "pos_x": 32.06795957807788,
            "pos_y": 34.77797208747326,
            "type": 2,
            "issue_time": "2021-06-23 17:39:43"
        }
    ]
}