{
    "notifications": [
        {
            "email": "s@s.com",
            "title": "",
            "msg": "oo was on the go!",
            "pos_x": 32.067819,
            "pos_y": 34.7777832,
            "type": 0,
            "issue_time": "2021-05-21 17:39:35"
        },
        {
            "email": "s@s.com",
            "title": "",
            "msg": "dd was on the go!",
            "pos_x": 32.06795957807788,
            "pos_y": 34.77797208747326,
            "type": 0,
            "issue_time": "2021-05-21 17:39:43"
        }
    ]
}