{
    "events": [
        {
            "id": 0,
            "privacy": "orange",
            "creator": "o@o.com",
            "title": "tomorrow walk 1",
            "joined": [
                "o@o.com",
		"g@g.com"
            ],
            "location": "first location",
            "time": "23:28:00"
        },
        {
            "id": 1,
            "privacy": "green",
            "creator": "o@o.com",
            "title": "tomorrow walk 2",
            "joined": [
                "o@o.com"
            ],
            "location": "second location",
            "time": "23:28:00"
        }
    ]
}