{
    "events": [
        {
            "id": 1,
            "privacy": "green",
            "creator": "d@d.com",
            "title": "adawdwa",
            "joined": [
                "o@o.com"
            ],
            "location": "awdawdawd",
            "time": "13:42:00"
        },
        {
            "id": 0,
            "privacy": "green",
            "creator": "o@o.com",
            "title": "wadawdawdaw",
            "joined": [
                "o@o.com"
            ],
            "location": "awdawdwad",
            "time": "21:20:00"
        }
    ]
}